﻿<?xml version="1.0" encoding="utf-8"?>
<Launcher>
  <USA>
    <ShadowComboData STRING1="Character Only" STRING2="Character+1" STRING3="Character+10" STRING4="Unlimited"></ShadowComboData>
    <RFDlgInfo>
      

      <SETUP LEFT="513" UP="478" RIGHT="580" DOWN="499"></SETUP>
    </RFDlgInfo>
    <LDlgInfo>
      <JOIN_BTN LEFT="82" UP="74" RIGHT="75" DOWN="80"></JOIN_BTN>
      <WINDOW_MODE LEFT="155" UP="74" RIGHT="290" DOWN="91"></WINDOW_MODE>
    </LDlgInfo>
    <SetupPosInfo TEXTURE_QUALITY_RANGE="4" DYNAMIC_LIGHTS_RANGE="4" GLOW_EFFECT_RANGE="3" SHADOW_RANGE="4" SETTING_RANGE="5">
      <TEXTURE_QUALITY_RADIO_POS1 LEFT="123" UP="90" RIGHT="132" DOWN="99"></TEXTURE_QUALITY_RADIO_POS1>
      <TEXTURE_QUALITY_RADIO_POS2 LEFT="166" UP="90" RIGHT="175" DOWN="99"></TEXTURE_QUALITY_RADIO_POS2>
      <TEXTURE_QUALITY_RADIO_POS3 LEFT="220" UP="90" RIGHT="229" DOWN="99"></TEXTURE_QUALITY_RADIO_POS3>
      <TEXTURE_QUALITY_RADIO_POS4 LEFT="264" UP="90" RIGHT="273" DOWN="99"></TEXTURE_QUALITY_RADIO_POS4>
      <DANAMIC_LIGHTS_RADIO_POS1 LEFT="172" UP="113" RIGHT="181" DOWN="122"></DANAMIC_LIGHTS_RADIO_POS1>
      <DANAMIC_LIGHTS_RADIO_POS2 LEFT="218" UP="113" RIGHT="227" DOWN="122"></DANAMIC_LIGHTS_RADIO_POS2>
      <DANAMIC_LIGHTS_RADIO_POS3 LEFT="245" UP="113" RIGHT="254" DOWN="122"></DANAMIC_LIGHTS_RADIO_POS3>
      <DANAMIC_LIGHTS_RADIO_POS4 LEFT="269" UP="113" RIGHT="278" DOWN="122"></DANAMIC_LIGHTS_RADIO_POS4>
      <GLOW_EFFECT_RADIO_POS1 LEFT="204" UP="136" RIGHT="213" DOWN="145"></GLOW_EFFECT_RADIO_POS1>
      <GLOW_EFFECT_RADIO_POS2 LEFT="247" UP="136" RIGHT="256" DOWN="145"></GLOW_EFFECT_RADIO_POS2>
      <GLOW_EFFECT_RADIO_POS3 LEFT="290" UP="136" RIGHT="299" DOWN="145"></GLOW_EFFECT_RADIO_POS3>
      <SHADOW_RADIO_POS1 LEFT="142" UP="159" RIGHT="151" DOWN="168"></SHADOW_RADIO_POS1>
      <SHADOW_RADIO_POS2 LEFT="197" UP="159" RIGHT="206" DOWN="168"></SHADOW_RADIO_POS2>
      <SHADOW_RADIO_POS3 LEFT="230" UP="159" RIGHT="239" DOWN="168"></SHADOW_RADIO_POS3>
      <SHADOW_RADIO_POS4 LEFT="269" UP="159" RIGHT="278" DOWN="168"></SHADOW_RADIO_POS4>
      <SETTING_RADIO_POS1 LEFT="226" UP="184" RIGHT="235" DOWN="193"></SETTING_RADIO_POS1>
      <SETTING_RADIO_POS2 LEFT="226" UP="197" RIGHT="235" DOWN="206"></SETTING_RADIO_POS2>
      <SETTING_RADIO_POS3 LEFT="226" UP="210" RIGHT="235" DOWN="219"></SETTING_RADIO_POS3>
      <SETTING_RADIO_POS4 LEFT="226" UP="223" RIGHT="235" DOWN="232"></SETTING_RADIO_POS4>
      <SETTING_RADIO_POS5 LEFT="226" UP="236" RIGHT="235" DOWN="245"></SETTING_RADIO_POS5>
      <COMBO_GAMMA LEFT="16" UP="299" RIGHT="64" DOWN="310"></COMBO_GAMMA>
      <MUSIC_BTN LEFT="130" UP="257" RIGHT="146" DOWN="273"></MUSIC_BTN>
      <SOUND_BTN LEFT="245" UP="257" RIGHT="261" DOWN="273"></SOUND_BTN>
      <MOUSE_BTN LEFT="135" UP="406" RIGHT="151" DOWN="422"></MOUSE_BTN>
      <DTEXTURE_BTN LEFT="105" UP="430" RIGHT="121" DOWN="446"></DTEXTURE_BTN>
      <SAVE_BTN LEFT="205" UP="423" RIGHT="263" DOWN="443"></SAVE_BTN>
      <CANCEL_BTN LEFT="264" UP="423" RIGHT="322" DOWN="443"></CANCEL_BTN>
    </SetupPosInfo>
    <SLDlgInfo FONT_NAME="&#xA;        Arial&#xA;      ">
      <DLG_POS LEFT="685" UP="20" RIGHT="1015" DOWN="560"></DLG_POS>
      <LIST_RECT LEFT="5" UP="14" RIGHT="285" DOWN="385"></LIST_RECT>
      <LIST_RECT2 LEFT="157" UP="20" RIGHT="304" DOWN="310"></LIST_RECT2>
      <LIST_RECT3 LEFT="5" UP="110" RIGHT="285" DOWN="145"></LIST_RECT3>
      <DESC_START CX="135" CY="14"></DESC_START>
    </SLDlgInfo>
    <SGDlgInfo>
      <DLG_POS LEFT="0" UP="0" RIGHT="274" DOWN="344"></DLG_POS>
      <IMAGE_POS LEFT="3" UP="3" RIGHT="440" DOWN="341"></IMAGE_POS>
      <NOTICE_POS LEFT="7" UP="70" RIGHT="267" DOWN="310"></NOTICE_POS>
      <OK LEFT="60" UP="320" RIGHT="143" DOWN="340"></OK>
      <CANCEL LEFT="145" UP="320" RIGHT="223" DOWN="340"></CANCEL>
    </SGDlgInfo>
  </USA>
</Launcher>